Field_ID	dtype	Examples
orig.ident	category	"SeuratProject, Pool, LAP92, LAP88, LAP93, LAP90, LAP87, LAP89, LAP91, LAP41, LAP40, Valenzi, 7185213, 7239219, 7239220, 7239218, 7239217, 7239213, 7135920, 7135919, 7185212, 7119453, 7119452, D150, D231, D088, D046, D175, BAL019, BAL031, BAL035, BAL003, BAL038, BAL034, BAL027, BAL026, BAL028, BAL022, BAL018, BAL024, BAL009, BAL029, BAL023, BAL017, BAL032, BAL016, BAL021, BAL033, BAL015, BAL037, BAL010, BAL014, BAL039, BAL020, BAL002, BAL011, BAL001, BAL025, BAL036, BAL012, BAL040, BAL030, BAL013, D062, D032, D122, MUC24276, MUC28292, MUC28291, MUC28287, MUC28289, MUC28294, MUC24280, cc05p, dd39p, KKD022N, cc02p, h18, cf019, KKD020N, KKCFFT32N, dd49p, dd09p, cc04p, KKD019N, cc01p, KKD023N, dd10p, KKD024N, BT1248, BT1240, BT1244, BT1241, BT1239, BT1242, BT1247, BT1243, BT1245, BT1246, BT1249, BT1238, SHMI57ng, A9LCTZng, S4ECX8ng, ZM3KACng, 16E0F2ng, JVV9L8ng, QZY9VQng, 1A1DFBng, 101CV0ng, 9JQK55ng, KJYDM1ng, ODGS1Mng, D139, P1, P2, P3, scrBT1428, BT1296, BT1376, BT1295, scrBT1426, BT1378, BT1293, BT1299, BT1290, BT1297, BT1294, scrBT1425, BT1291, scrBT1427, BT1292, BT1301, BT1300, BT1298, BT1377, BT1375, scrBT1431, scrBT1430, scrBT1429, scrBT1432, D344, D367, D363, D354, D372, D353, D339, D326, D337, D322, muc9826, muc8257, muc10381, muc8258, muc10380, muc5103, muc9833, muc4659, muc9832, muc3843, muc5212, muc5213, muc4658, muc5105, muc5288, ND17494, ND15656, CF301018, ND16737, ND15989, BG9, Polyp17BEPI, Polyp19BEPI, Polyp11TOT, Polyp18CEPI, Polyp12TOT, Polyp13AEPI, Polyp4TOT, Polyp15AEPI, Polyp5TOT, Polyp6BTOT, Polyp2TOT, Polyp8TOT, Polyp19AEPI, Polyp14BEPI, Polyp6ATOT, Polyp7TOT, Polyp3TOT, Polyp9TOT, Polyp16BEPI, Polyp1TOT, Polyp17AEPI"
Metacell_ID	object	"mc1-Lafyatis_Rojas_2019_10Xv1, mc10-Lafyatis_Rojas_2019_10Xv1, mc11-Lafyatis_Rojas_2019_10Xv1, mc12-Lafyatis_Rojas_2019_10Xv1, mc13-Lafyatis_Rojas_2019_10Xv1, mc14-Lafyatis_Rojas_2019_10Xv1, mc15-Lafyatis_Rojas_2019_10Xv1, mc16-Lafyatis_Rojas_2019_10Xv1, mc17-Lafyatis_Rojas_2019_10Xv1, mc18-Lafyatis_Rojas_2019_10Xv1, mc19-Lafyatis_Rojas_2019_10Xv1, mc2-Lafyatis_Rojas_2019_10Xv1, mc20-Lafyatis_Rojas_2019_10Xv1, mc21-Lafyatis_Rojas_2019_10Xv1, mc22-Lafyatis_Rojas_2019_10Xv1, mc23-Lafyatis_Rojas_2019_10Xv1, mc24-Lafyatis_Rojas_2019_10Xv1, mc25-Lafyatis_Rojas_2019_10Xv1, mc26-Lafyatis_Rojas_2019_10Xv1, mc27-Lafyatis_Rojas_2019_10Xv1, mc28-Lafyatis_Rojas_2019_10Xv1, mc29-Lafyatis_Rojas_2019_10Xv1, mc3-Lafyatis_Rojas_2019_10Xv1, mc30-Lafyatis_Rojas_2019_10Xv1, mc31-Lafyatis_Rojas_2019_10Xv1, mc32-Lafyatis_Rojas_2019_10Xv1, mc33-Lafyatis_Rojas_2019_10Xv1, mc34-Lafyatis_Rojas_2019_10Xv1, mc35-Lafyatis_Rojas_2019_10Xv1, mc36-Lafyatis_Rojas_2019_10Xv1, mc37-Lafyatis_Rojas_2019_10Xv1, mc38-Lafyatis_Rojas_2019_10Xv1, mc39-Lafyatis_Rojas_2019_10Xv1, mc4-Lafyatis_Rojas_2019_10Xv1, mc40-Lafyatis_Rojas_2019_10Xv1, mc41-Lafyatis_Rojas_2019_10Xv1, mc42-Lafyatis_Rojas_2019_10Xv1, mc43-Lafyatis_Rojas_2019_10Xv1, mc44-Lafyatis_Rojas_2019_10Xv1, mc45-Lafyatis_Rojas_2019_10Xv1, mc46-Lafyatis_Rojas_2019_10Xv1, mc47-Lafyatis_Rojas_2019_10Xv1, mc48-Lafyatis_Rojas_2019_10Xv1, mc49-Lafyatis_Rojas_2019_10Xv1, mc5-Lafyatis_Rojas_2019_10Xv1, mc50-Lafyatis_Rojas_2019_10Xv1, mc51-Lafyatis_Rojas_2019_10Xv1, mc52-Lafyatis_Rojas_2019_10Xv1, mc53-Lafyatis_Rojas_2019_10Xv1, mc54-Lafyatis_Rojas_2019_10Xv1, mc55-Lafyatis_Rojas_2019_10Xv1, mc56-Lafyatis_Rojas_2019_10Xv1, mc57-Lafyatis_Rojas_2019_10Xv1, mc58-Lafyatis_Rojas_2019_10Xv1, mc59-Lafyatis_Rojas_2019_10Xv1, mc6-Lafyatis_Rojas_2019_10Xv1, mc60-Lafyatis_Rojas_2019_10Xv1, mc61-Lafyatis_Rojas_2019_10Xv1, mc62-Lafyatis_Rojas_2019_10Xv1, mc63-Lafyatis_Rojas_2019_10Xv1, mc64-Lafyatis_Rojas_2019_10Xv1, mc65-Lafyatis_Rojas_2019_10Xv1, mc66-Lafyatis_Rojas_2019_10Xv1, mc67-Lafyatis_Rojas_2019_10Xv1, mc68-Lafyatis_Rojas_2019_10Xv1, mc69-Lafyatis_Rojas_2019_10Xv1, mc7-Lafyatis_Rojas_2019_10Xv1, mc70-Lafyatis_Rojas_2019_10Xv1, mc71-Lafyatis_Rojas_2019_10Xv1, mc72-Lafyatis_Rojas_2019_10Xv1, mc73-Lafyatis_Rojas_2019_10Xv1, mc74-Lafyatis_Rojas_2019_10Xv1, mc75-Lafyatis_Rojas_2019_10Xv1, mc76-Lafyatis_Rojas_2019_10Xv1, mc77-Lafyatis_Rojas_2019_10Xv1, mc78-Lafyatis_Rojas_2019_10Xv1, mc79-Lafyatis_Rojas_2019_10Xv1, mc8-Lafyatis_Rojas_2019_10Xv1, mc80-Lafyatis_Rojas_2019_10Xv1, mc81-Lafyatis_Rojas_2019_10Xv1, mc82-Lafyatis_Rojas_2019_10Xv1, mc83-Lafyatis_Rojas_2019_10Xv1, mc84-Lafyatis_Rojas_2019_10Xv1, mc85-Lafyatis_Rojas_2019_10Xv1, mc86-Lafyatis_Rojas_2019_10Xv1, mc87-Lafyatis_Rojas_2019_10Xv1, mc88-Lafyatis_Rojas_2019_10Xv1, mc89-Lafyatis_Rojas_2019_10Xv1, mc9-Lafyatis_Rojas_2019_10Xv1, mc1-Meyer_2021_3prime, mc10-Meyer_2021_3prime, mc100-Meyer_2021_3prime, mc101-Meyer_2021_3prime, mc102-Meyer_2021_3prime, mc103-Meyer_2021_3prime, mc104-Meyer_2021_3prime, mc105-Meyer_2021_3prime, mc106-Meyer_2021_3prime, mc107-Meyer_2021_3prime, mc108-Meyer_2021_3prime, mc109-Meyer_2021_3prime, mc11-Meyer_2021_3prime, mc110-Meyer_2021_3prime, mc111-Meyer_2021_3prime, mc112-Meyer_2021_3prime, mc113-Meyer_2021_3prime, mc114-Meyer_2021_3prime, mc115-Meyer_2021_3prime, mc116-Meyer_2021_3prime, mc117-Meyer_2021_3prime, mc118-Meyer_2021_3prime, mc119-Meyer_2021_3prime, mc12-Meyer_2021_3prime, mc120-Meyer_2021_3prime, mc121-Meyer_2021_3prime, mc122-Meyer_2021_3prime, mc123-Meyer_2021_3prime, mc124-Meyer_2021_3prime, mc125-Meyer_2021_3prime, mc126-Meyer_2021_3prime, mc127-Meyer_2021_3prime, mc128-Meyer_2021_3prime, mc129-Meyer_2021_3prime, mc13-Meyer_2021_3prime, mc130-Meyer_2021_3prime, mc131-Meyer_2021_3prime, mc132-Meyer_2021_3prime, mc133-Meyer_2021_3prime, mc134-Meyer_2021_3prime, mc135-Meyer_2021_3prime, mc136-Meyer_2021_3prime, mc137-Meyer_2021_3prime, mc138-Meyer_2021_3prime, mc139-Meyer_2021_3prime, mc14-Meyer_2021_3prime, mc140-Meyer_2021_3prime, mc141-Meyer_2021_3prime, mc142-Meyer_2021_3prime, mc143-Meyer_2021_3prime, mc144-Meyer_2021_3prime, mc145-Meyer_2021_3prime, mc146-Meyer_2021_3prime, mc147-Meyer_2021_3prime, mc148-Meyer_2021_3prime, mc149-Meyer_2021_3prime, mc15-Meyer_2021_3prime, mc150-Meyer_2021_3prime, mc151-Meyer_2021_3prime, mc152-Meyer_2021_3prime, mc153-Meyer_2021_3prime, mc154-Meyer_2021_3prime, mc155-Meyer_2021_3prime, mc156-Meyer_2021_3prime, mc157-Meyer_2021_3prime, mc158-Meyer_2021_3prime, mc159-Meyer_2021_3prime, mc16-Meyer_2021_3prime, mc160-Meyer_2021_3prime, mc161-Meyer_2021_3prime, mc162-Meyer_2021_3prime, mc163-Meyer_2021_3prime, mc164-Meyer_2021_3prime, mc165-Meyer_2021_3prime, mc166-Meyer_2021_3prime, mc167-Meyer_2021_3prime, mc168-Meyer_2021_3prime, mc169-Meyer_2021_3prime, mc17-Meyer_2021_3prime, mc170-Meyer_2021_3prime, mc171-Meyer_2021_3prime, mc172-Meyer_2021_3prime, mc173-Meyer_2021_3prime, mc174-Meyer_2021_3prime, mc175-Meyer_2021_3prime, mc176-Meyer_2021_3prime, mc177-Meyer_2021_3prime, mc178-Meyer_2021_3prime, mc179-Meyer_2021_3prime, mc18-Meyer_2021_3prime, mc180-Meyer_2021_3prime, mc181-Meyer_2021_3prime, mc182-Meyer_2021_3prime, mc183-Meyer_2021_3prime, mc184-Meyer_2021_3prime, mc185-Meyer_2021_3prime, mc186-Meyer_2021_3prime, mc187-Meyer_2021_3prime, mc188-Meyer_2021_3prime, mc189-Meyer_2021_3prime, mc19-Meyer_2021_3prime, mc190-Meyer_2021_3prime, mc191-Meyer_2021_3prime, mc192-Meyer_2021_3prime, mc193-Meyer_2021_3prime, mc194-Meyer_2021_3prime, mc195-Meyer_2021_3prime, mc196-Meyer_2021_3prime, mc197-Meyer_2021_3prime, mc198-Meyer_2021_3prime, mc199-Meyer_2021_3prime, mc2-Meyer_2021_3prime, mc20-Meyer_2021_3prime, mc200-Meyer_2021_3prime, mc201-Meyer_2021_3prime, mc202-Meyer_2021_3prime, mc203-Meyer_2021_3prime, mc204-Meyer_2021_3prime, mc205-Meyer_2021_3prime, mc206-Meyer_2021_3prime, mc207-Meyer_2021_3prime, mc208-Meyer_2021_3prime, mc209-Meyer_2021_3prime, mc21-Meyer_2021_3prime, mc210-Meyer_2021_3prime, mc211-Meyer_2021_3prime, mc212-Meyer_2021_3prime, mc213-Meyer_2021_3prime, mc214-Meyer_2021_3prime, mc215-Meyer_2021_3prime, mc216-Meyer_2021_3prime, mc217-Meyer_2021_3prime, mc218-Meyer_2021_3prime, mc219-Meyer_2021_3prime, mc22-Meyer_2021_3prime, mc220-Meyer_2021_3prime, mc221-Meyer_2021_3prime, mc222-Meyer_2021_3prime, mc223-Meyer_2021_3prime, mc224-Meyer_2021_3prime, mc225-Meyer_2021_3prime, mc226-Meyer_2021_3prime, mc227-Meyer_2021_3prime, mc228-Meyer_2021_3prime, mc229-Meyer_2021_3prime, mc23-Meyer_2021_3prime, mc230-Meyer_2021_3prime, mc231-Meyer_2021_3prime, mc232-Meyer_2021_3prime, mc233-Meyer_2021_3prime, mc234-Meyer_2021_3prime, mc235-Meyer_2021_3prime, mc236-Meyer_2021_3prime, mc237-Meyer_2021_3prime, mc238-Meyer_2021_3prime, mc239-Meyer_2021_3prime, mc24-Meyer_2021_3prime, mc240-Meyer_2021_3prime, mc241-Meyer_2021_3prime, mc242-Meyer_2021_3prime, mc243-Meyer_2021_3prime, mc244-Meyer_2021_3prime, mc245-Meyer_2021_3prime, mc246-Meyer_2021_3prime, mc247-Meyer_2021_3prime, mc248-Meyer_2021_3prime, mc249-Meyer_2021_3prime, mc25-Meyer_2021_3prime, mc250-Meyer_2021_3prime, mc251-Meyer_2021_3prime, mc252-Meyer_2021_3prime, mc253-Meyer_2021_3prime, mc254-Meyer_2021_3prime, mc255-Meyer_2021_3prime, mc256-Meyer_2021_3prime, mc257-Meyer_2021_3prime, mc258-Meyer_2021_3prime, mc259-Meyer_2021_3prime, mc26-Meyer_2021_3prime, mc260-Meyer_2021_3prime, mc261-Meyer_2021_3prime, mc262-Meyer_2021_3prime, mc263-Meyer_2021_3prime, mc264-Meyer_2021_3prime, mc265-Meyer_2021_3prime, mc266-Meyer_2021_3prime, mc267-Meyer_2021_3prime, mc268-Meyer_2021_3prime, mc269-Meyer_2021_3prime, mc27-Meyer_2021_3prime, mc270-Meyer_2021_3prime, mc271-Meyer_2021_3prime, mc272-Meyer_2021_3prime, mc273-Meyer_2021_3prime, mc274-Meyer_2021_3prime, mc275-Meyer_2021_3prime, mc276-Meyer_2021_3prime, mc277-Meyer_2021_3prime, mc278-Meyer_2021_3prime, mc279-Meyer_2021_3prime, mc28-Meyer_2021_3prime, mc280-Meyer_2021_3prime, mc281-Meyer_2021_3prime, mc282-Meyer_2021_3prime, mc283-Meyer_2021_3prime, mc284-Meyer_2021_3prime, mc285-Meyer_2021_3prime, mc286-Meyer_2021_3prime, mc287-Meyer_2021_3prime, mc288-Meyer_2021_3prime, mc289-Meyer_2021_3prime"
suspension_type	category	"cell, nucleus"
donor_id	category	"homosapiens_None_2023_None_sikkemalisa_002_d10_1101_2022_03_10_483747lafy_donor_2, homosapiens_None_2023_None_sikkemalisa_002_d10_1101_2022_03_10_483747lafy_donor_1, homosapiens_None_2023_None_sikkemalisa_002_d10_1101_2022_03_10_483747A26, homosapiens_None_2023_None_sikkemalisa_002_d10_1101_2022_03_10_483747A32, homosapiens_None_2023_None_sikkemalisa_002_d10_1101_2022_03_10_483747LuT_553, homosapiens_None_2023_None_sikkemalisa_002_d10_1101_2022_03_10_483747LuT_437, homosapiens_None_2023_None_sikkemalisa_002_d10_1101_2022_03_10_483747LuT_580, homosapiens_None_2023_None_sikkemalisa_002_d10_1101_2022_03_10_483747D239, homosapiens_None_2023_None_sikkemalisa_002_d10_1101_2022_03_10_483747T90, homosapiens_None_2023_None_sikkemalisa_002_d10_1101_2022_03_10_483747T154, homosapiens_None_2023_None_sikkemalisa_002_d10_1101_2022_03_10_483747T164, homosapiens_None_2023_None_sikkemalisa_002_d10_1101_2022_03_10_483747T101, homosapiens_None_2023_None_sikkemalisa_002_d10_1101_2022_03_10_483747T166, homosapiens_None_2023_None_sikkemalisa_002_d10_1101_2022_03_10_483747T153, homosapiens_None_2023_None_sikkemalisa_002_d10_1101_2022_03_10_483747T165, homosapiens_None_2023_None_sikkemalisa_002_d10_1101_2022_03_10_483747T167, homosapiens_None_2023_None_sikkemalisa_002_d10_1101_2022_03_10_483747SSc_4, homosapiens_None_2023_None_sikkemalisa_002_d10_1101_2022_03_10_483747SSc_2, homosapiens_None_2023_None_sikkemalisa_002_d10_1101_2022_03_10_483747SSc_3, homosapiens_None_2023_None_sikkemalisa_002_d10_1101_2022_03_10_483747SSc_1, homosapiens_None_2023_None_sikkemalisa_002_d10_1101_2022_03_10_483747296C, homosapiens_None_2023_None_sikkemalisa_002_d10_1101_2022_03_10_483747298C, homosapiens_None_2023_None_sikkemalisa_002_d10_1101_2022_03_10_483747302C, homosapiens_None_2023_None_sikkemalisa_002_d10_1101_2022_03_10_483747292B, homosapiens_None_2023_None_sikkemalisa_002_d10_1101_2022_03_10_483747290B, homosapiens_None_2023_None_sikkemalisa_002_d10_1101_2022_03_10_483747284C, homosapiens_None_2023_None_sikkemalisa_002_d10_1101_2022_03_10_483747D150, homosapiens_None_2023_None_sikkemalisa_002_d10_1101_2022_03_10_483747D231, homosapiens_None_2023_None_sikkemalisa_002_d10_1101_2022_03_10_483747D088, homosapiens_None_2023_None_sikkemalisa_002_d10_1101_2022_03_10_483747T89, homosapiens_None_2023_None_sikkemalisa_002_d10_1101_2022_03_10_483747T85, homosapiens_None_2023_None_sikkemalisa_002_d10_1101_2022_03_10_483747T137, homosapiens_None_2023_None_sikkemalisa_002_d10_1101_2022_03_10_483747T121, homosapiens_None_2023_None_sikkemalisa_002_d10_1101_2022_03_10_483747T120, homosapiens_None_2023_None_sikkemalisa_002_d10_1101_2022_03_10_483747T126, homosapiens_None_2023_None_sikkemalisa_002_d10_1101_2022_03_10_483747D046, homosapiens_None_2023_None_sikkemalisa_002_d10_1101_2022_03_10_483747D175, homosapiens_None_2023_None_sikkemalisa_002_d10_1101_2022_03_10_483747BAL019, homosapiens_None_2023_None_sikkemalisa_002_d10_1101_2022_03_10_483747BAL031, homosapiens_None_2023_None_sikkemalisa_002_d10_1101_2022_03_10_483747BAL035, homosapiens_None_2023_None_sikkemalisa_002_d10_1101_2022_03_10_483747BAL003, homosapiens_None_2023_None_sikkemalisa_002_d10_1101_2022_03_10_483747BAL038, homosapiens_None_2023_None_sikkemalisa_002_d10_1101_2022_03_10_483747BAL034, homosapiens_None_2023_None_sikkemalisa_002_d10_1101_2022_03_10_483747BAL027, homosapiens_None_2023_None_sikkemalisa_002_d10_1101_2022_03_10_483747BAL026, homosapiens_None_2023_None_sikkemalisa_002_d10_1101_2022_03_10_483747BAL028, homosapiens_None_2023_None_sikkemalisa_002_d10_1101_2022_03_10_483747BAL022, homosapiens_None_2023_None_sikkemalisa_002_d10_1101_2022_03_10_483747BAL018, homosapiens_None_2023_None_sikkemalisa_002_d10_1101_2022_03_10_483747BAL024, homosapiens_None_2023_None_sikkemalisa_002_d10_1101_2022_03_10_483747BAL009, homosapiens_None_2023_None_sikkemalisa_002_d10_1101_2022_03_10_483747BAL029, homosapiens_None_2023_None_sikkemalisa_002_d10_1101_2022_03_10_483747BAL023, homosapiens_None_2023_None_sikkemalisa_002_d10_1101_2022_03_10_483747BAL017, homosapiens_None_2023_None_sikkemalisa_002_d10_1101_2022_03_10_483747BAL032, homosapiens_None_2023_None_sikkemalisa_002_d10_1101_2022_03_10_483747BAL016, homosapiens_None_2023_None_sikkemalisa_002_d10_1101_2022_03_10_483747BAL021, homosapiens_None_2023_None_sikkemalisa_002_d10_1101_2022_03_10_483747BAL033, homosapiens_None_2023_None_sikkemalisa_002_d10_1101_2022_03_10_483747BAL015, homosapiens_None_2023_None_sikkemalisa_002_d10_1101_2022_03_10_483747BAL037, homosapiens_None_2023_None_sikkemalisa_002_d10_1101_2022_03_10_483747BAL010, homosapiens_None_2023_None_sikkemalisa_002_d10_1101_2022_03_10_483747BAL014, homosapiens_None_2023_None_sikkemalisa_002_d10_1101_2022_03_10_483747BAL039, homosapiens_None_2023_None_sikkemalisa_002_d10_1101_2022_03_10_483747BAL020, homosapiens_None_2023_None_sikkemalisa_002_d10_1101_2022_03_10_483747BAL002, homosapiens_None_2023_None_sikkemalisa_002_d10_1101_2022_03_10_483747BAL011, homosapiens_None_2023_None_sikkemalisa_002_d10_1101_2022_03_10_483747BAL001, homosapiens_None_2023_None_sikkemalisa_002_d10_1101_2022_03_10_483747BAL025, homosapiens_None_2023_None_sikkemalisa_002_d10_1101_2022_03_10_483747BAL036, homosapiens_None_2023_None_sikkemalisa_002_d10_1101_2022_03_10_483747BAL012, homosapiens_None_2023_None_sikkemalisa_002_d10_1101_2022_03_10_483747BAL040, homosapiens_None_2023_None_sikkemalisa_002_d10_1101_2022_03_10_483747BAL030, homosapiens_None_2023_None_sikkemalisa_002_d10_1101_2022_03_10_483747BAL013, homosapiens_None_2023_None_sikkemalisa_002_d10_1101_2022_03_10_483747D062, homosapiens_None_2023_None_sikkemalisa_002_d10_1101_2022_03_10_483747D032, homosapiens_None_2023_None_sikkemalisa_002_d10_1101_2022_03_10_483747D122, homosapiens_None_2023_None_sikkemalisa_002_d10_1101_2022_03_10_483747Patient_1, homosapiens_None_2023_None_sikkemalisa_002_d10_1101_2022_03_10_483747Patient_6, homosapiens_None_2023_None_sikkemalisa_002_d10_1101_2022_03_10_483747Patient_5, homosapiens_None_2023_None_sikkemalisa_002_d10_1101_2022_03_10_483747Patient_3, homosapiens_None_2023_None_sikkemalisa_002_d10_1101_2022_03_10_483747Patient_4, homosapiens_None_2023_None_sikkemalisa_002_d10_1101_2022_03_10_483747Patient_7, homosapiens_None_2023_None_sikkemalisa_002_d10_1101_2022_03_10_483747Patient_2, homosapiens_None_2023_None_sikkemalisa_002_d10_1101_2022_03_10_483747PMB_2, homosapiens_None_2023_None_sikkemalisa_002_d10_1101_2022_03_10_483747Case_1, homosapiens_None_2023_None_sikkemalisa_002_d10_1101_2022_03_10_483747PMB_1, homosapiens_None_2023_None_sikkemalisa_002_d10_1101_2022_03_10_483747Wunderink2021_subject_A, homosapiens_None_2023_None_sikkemalisa_002_d10_1101_2022_03_10_483747Wunderink2021_subject_8, homosapiens_None_2023_None_sikkemalisa_002_d10_1101_2022_03_10_483747Wunderink2021_subject_B, homosapiens_None_2023_None_sikkemalisa_002_d10_1101_2022_03_10_483747Wunderink2021_subject_9, homosapiens_None_2023_None_sikkemalisa_002_d10_1101_2022_03_10_483747Wunderink2021_subject_7, homosapiens_None_2023_None_sikkemalisa_002_d10_1101_2022_03_10_483747VUHD68, homosapiens_None_2023_None_sikkemalisa_002_d10_1101_2022_03_10_483747VUILD60, homosapiens_None_2023_None_sikkemalisa_002_d10_1101_2022_03_10_483747VUILD58, homosapiens_None_2023_None_sikkemalisa_002_d10_1101_2022_03_10_483747THD0005, homosapiens_None_2023_None_sikkemalisa_002_d10_1101_2022_03_10_483747VUHD84, homosapiens_None_2023_None_sikkemalisa_002_d10_1101_2022_03_10_483747VUHD67, homosapiens_None_2023_None_sikkemalisa_002_d10_1101_2022_03_10_483747VUHD104, homosapiens_None_2023_None_sikkemalisa_002_d10_1101_2022_03_10_483747VUILD61, homosapiens_None_2023_None_sikkemalisa_002_d10_1101_2022_03_10_483747VUHD85, homosapiens_None_2023_None_sikkemalisa_002_d10_1101_2022_03_10_483747VUHD92, homosapiens_None_2023_None_sikkemalisa_002_d10_1101_2022_03_10_483747VUILD57, homosapiens_None_2023_None_sikkemalisa_002_d10_1101_2022_03_10_483747TILD015, homosapiens_None_2023_None_sikkemalisa_002_d10_1101_2022_03_10_483747THD0001, homosapiens_None_2023_None_sikkemalisa_002_d10_1101_2022_03_10_483747VUHD103, homosapiens_None_2023_None_sikkemalisa_002_d10_1101_2022_03_10_483747VUILD62, homosapiens_None_2023_None_sikkemalisa_002_d10_1101_2022_03_10_483747VUILD59, homosapiens_None_2023_None_sikkemalisa_002_d10_1101_2022_03_10_483747VUHD101, homosapiens_None_2023_None_sikkemalisa_002_d10_1101_2022_03_10_483747VUHD94, homosapiens_None_2023_None_sikkemalisa_002_d10_1101_2022_03_10_483747THD0012, homosapiens_None_2023_None_sikkemalisa_002_d10_1101_2022_03_10_483747TILD030, homosapiens_None_2023_None_sikkemalisa_002_d10_1101_2022_03_10_483747VUILD65, homosapiens_None_2023_None_sikkemalisa_002_d10_1101_2022_03_10_483747VUHD98, homosapiens_None_2023_None_sikkemalisa_002_d10_1101_2022_03_10_483747THD0009, homosapiens_None_2023_None_sikkemalisa_002_d10_1101_2022_03_10_483747VUHD70, homosapiens_None_2023_None_sikkemalisa_002_d10_1101_2022_03_10_483747TILD010, homosapiens_None_2023_None_sikkemalisa_002_d10_1101_2022_03_10_483747THD0007, homosapiens_None_2023_None_sikkemalisa_002_d10_1101_2022_03_10_483747VUHD66, homosapiens_None_2023_None_sikkemalisa_002_d10_1101_2022_03_10_483747VUHD107, homosapiens_None_2023_None_sikkemalisa_002_d10_1101_2022_03_10_483747TILD019, homosapiens_None_2023_None_sikkemalisa_002_d10_1101_2022_03_10_483747VUHD95, homosapiens_None_2023_None_sikkemalisa_002_d10_1101_2022_03_10_483747TILD028, homosapiens_None_2023_None_sikkemalisa_002_d10_1101_2022_03_10_483747VUHD073, homosapiens_None_2023_None_sikkemalisa_002_d10_1101_2022_03_10_483747VUILD63, homosapiens_None_2023_None_sikkemalisa_002_d10_1101_2022_03_10_483747THD0014, homosapiens_None_2023_None_sikkemalisa_002_d10_1101_2022_03_10_483747VUHD106, homosapiens_None_2023_None_sikkemalisa_002_d10_1101_2022_03_10_483747THD0020, homosapiens_None_2023_None_sikkemalisa_002_d10_1101_2022_03_10_483747THD0017, homosapiens_None_2023_None_sikkemalisa_002_d10_1101_2022_03_10_483747THD0008, homosapiens_None_2023_None_sikkemalisa_002_d10_1101_2022_03_10_483747TILD001, homosapiens_None_2023_None_sikkemalisa_002_d10_1101_2022_03_10_483747VUHD077, homosapiens_None_2023_None_sikkemalisa_002_d10_1101_2022_03_10_483747VUILD53, homosapiens_None_2023_None_sikkemalisa_002_d10_1101_2022_03_10_483747VUHD078, homosapiens_None_2023_None_sikkemalisa_002_d10_1101_2022_03_10_483747VUHD071, homosapiens_None_2023_None_sikkemalisa_002_d10_1101_2022_03_10_483747VUILD55, homosapiens_None_2023_None_sikkemalisa_002_d10_1101_2022_03_10_483747THD0006, homosapiens_None_2023_None_sikkemalisa_002_d10_1101_2022_03_10_483747TILD006, homosapiens_None_2023_None_sikkemalisa_002_d10_1101_2022_03_10_483747VUILD48, homosapiens_None_2023_None_sikkemalisa_002_d10_1101_2022_03_10_483747VUHD072, homosapiens_None_2023_None_sikkemalisa_002_d10_1101_2022_03_10_483747VUILD54, homosapiens_None_2023_None_sikkemalisa_002_d10_1101_2022_03_10_483747VUILD64, homosapiens_None_2023_None_sikkemalisa_002_d10_1101_2022_03_10_483747VUHD080, homosapiens_None_2023_None_sikkemalisa_002_d10_1101_2022_03_10_483747THD0010, homosapiens_None_2023_None_sikkemalisa_002_d10_1101_2022_03_10_483747THD0019, homosapiens_None_2023_None_sikkemalisa_002_d10_1101_2022_03_10_483747VUHD69, homosapiens_None_2023_None_sikkemalisa_002_d10_1101_2022_03_10_483747THD0015, homosapiens_None_2023_None_sikkemalisa_002_d10_1101_2022_03_10_483747VUHD105, homosapiens_None_2023_None_sikkemalisa_002_d10_1101_2022_03_10_483747VUHD076, homosapiens_None_2023_None_sikkemalisa_002_d10_1101_2022_03_10_483747VUHD87, homosapiens_None_2023_None_sikkemalisa_002_d10_1101_2022_03_10_483747cc05p, homosapiens_None_2023_None_sikkemalisa_002_d10_1101_2022_03_10_483747dd39p, homosapiens_None_2023_None_sikkemalisa_002_d10_1101_2022_03_10_483747KKD022N, homosapiens_None_2023_None_sikkemalisa_002_d10_1101_2022_03_10_483747cc02p, homosapiens_None_2023_None_sikkemalisa_002_d10_1101_2022_03_10_483747h18, homosapiens_None_2023_None_sikkemalisa_002_d10_1101_2022_03_10_483747cf019, homosapiens_None_2023_None_sikkemalisa_002_d10_1101_2022_03_10_483747KKD020N, homosapiens_None_2023_None_sikkemalisa_002_d10_1101_2022_03_10_483747KKCFFT32N, homosapiens_None_2023_None_sikkemalisa_002_d10_1101_2022_03_10_483747dd49p, homosapiens_None_2023_None_sikkemalisa_002_d10_1101_2022_03_10_483747dd09p, homosapiens_None_2023_None_sikkemalisa_002_d10_1101_2022_03_10_483747cc04p, homosapiens_None_2023_None_sikkemalisa_002_d10_1101_2022_03_10_483747KKD019N, homosapiens_None_2023_None_sikkemalisa_002_d10_1101_2022_03_10_483747cc01p, homosapiens_None_2023_None_sikkemalisa_002_d10_1101_2022_03_10_483747KKD023N, homosapiens_None_2023_None_sikkemalisa_002_d10_1101_2022_03_10_483747dd10p, homosapiens_None_2023_None_sikkemalisa_002_d10_1101_2022_03_10_483747KKD024N, homosapiens_None_2023_None_sikkemalisa_002_d10_1101_2022_03_10_483747S2, homosapiens_None_2023_None_sikkemalisa_002_d10_1101_2022_03_10_483747M2, homosapiens_None_2023_None_sikkemalisa_002_d10_1101_2022_03_10_483747S6, homosapiens_None_2023_None_sikkemalisa_002_d10_1101_2022_03_10_483747S5, homosapiens_None_2023_None_sikkemalisa_002_d10_1101_2022_03_10_483747HC3, homosapiens_None_2023_None_sikkemalisa_002_d10_1101_2022_03_10_483747S1, homosapiens_None_2023_None_sikkemalisa_002_d10_1101_2022_03_10_483747M1, homosapiens_None_2023_None_sikkemalisa_002_d10_1101_2022_03_10_483747S4, homosapiens_None_2023_None_sikkemalisa_002_d10_1101_2022_03_10_483747S3, homosapiens_None_2023_None_sikkemalisa_002_d10_1101_2022_03_10_483747HC1, homosapiens_None_2023_None_sikkemalisa_002_d10_1101_2022_03_10_483747HC2, homosapiens_None_2023_None_sikkemalisa_002_d10_1101_2022_03_10_483747M3, homosapiens_None_2023_None_sikkemalisa_002_d10_1101_2022_03_10_483747D8, homosapiens_None_2023_None_sikkemalisa_002_d10_1101_2022_03_10_483747D3, homosapiens_None_2023_None_sikkemalisa_002_d10_1101_2022_03_10_483747Donor_02, homosapiens_None_2023_None_sikkemalisa_002_d10_1101_2022_03_10_483747SSc-ILD_02, homosapiens_None_2023_None_sikkemalisa_002_d10_1101_2022_03_10_483747SSc-ILD_01, homosapiens_None_2023_None_sikkemalisa_002_d10_1101_2022_03_10_483747Donor_04, homosapiens_None_2023_None_sikkemalisa_002_d10_1101_2022_03_10_483747Donor_07, homosapiens_None_2023_None_sikkemalisa_002_d10_1101_2022_03_10_483747HP_01, homosapiens_None_2023_None_sikkemalisa_002_d10_1101_2022_03_10_483747IPF_02, homosapiens_None_2023_None_sikkemalisa_002_d10_1101_2022_03_10_483747IPF_01, homosapiens_None_2023_None_sikkemalisa_002_d10_1101_2022_03_10_483747Donor_08, homosapiens_None_2023_None_sikkemalisa_002_d10_1101_2022_03_10_483747Donor_06, homosapiens_None_2023_None_sikkemalisa_002_d10_1101_2022_03_10_483747Myositis-ILD_01, homosapiens_None_2023_None_sikkemalisa_002_d10_1101_2022_03_10_483747IPF_03, homosapiens_None_2023_None_sikkemalisa_002_d10_1101_2022_03_10_483747Donor_01, homosapiens_None_2023_None_sikkemalisa_002_d10_1101_2022_03_10_483747Donor_05, homosapiens_None_2023_None_sikkemalisa_002_d10_1101_2022_03_10_483747IPF_04, homosapiens_None_2023_None_sikkemalisa_002_d10_1101_2022_03_10_483747Cryobiopsy_01, homosapiens_None_2023_None_sikkemalisa_002_d10_1101_2022_03_10_483747Donor_03, homosapiens_None_2023_None_sikkemalisa_002_d10_1101_2022_03_10_483747SAMN15153957, homosapiens_None_2023_None_sikkemalisa_002_d10_1101_2022_03_10_483747SAMN15153962, homosapiens_None_2023_None_sikkemalisa_002_d10_1101_2022_03_10_483747SAMN15153956, homosapiens_None_2023_None_sikkemalisa_002_d10_1101_2022_03_10_483747SAMN15153963, homosapiens_None_2023_None_sikkemalisa_002_d10_1101_2022_03_10_483747SAMN15153955, homosapiens_None_2023_None_sikkemalisa_002_d10_1101_2022_03_10_483747SAMN15153960, homosapiens_None_2023_None_sikkemalisa_002_d10_1101_2022_03_10_483747SAMN15153959, homosapiens_None_2023_None_sikkemalisa_002_d10_1101_2022_03_10_483747SAMN15153961, homosapiens_None_2023_None_sikkemalisa_002_d10_1101_2022_03_10_483747GSM4593897, homosapiens_None_2023_None_sikkemalisa_002_d10_1101_2022_03_10_483747SAMN15153958, homosapiens_None_2023_None_sikkemalisa_002_d10_1101_2022_03_10_483747207CO, homosapiens_None_2023_None_sikkemalisa_002_d10_1101_2022_03_10_483747133C, homosapiens_None_2023_None_sikkemalisa_002_d10_1101_2022_03_10_483747178CO, homosapiens_None_2023_None_sikkemalisa_002_d10_1101_2022_03_10_483747228I, homosapiens_None_2023_None_sikkemalisa_002_d10_1101_2022_03_10_483747222C, homosapiens_None_2023_None_sikkemalisa_002_d10_1101_2022_03_10_483747052CO, homosapiens_None_2023_None_sikkemalisa_002_d10_1101_2022_03_10_483747186CO, homosapiens_None_2023_None_sikkemalisa_002_d10_1101_2022_03_10_483747160C, homosapiens_None_2023_None_sikkemalisa_002_d10_1101_2022_03_10_483747051I, homosapiens_None_2023_None_sikkemalisa_002_d10_1101_2022_03_10_483747010I, homosapiens_None_2023_None_sikkemalisa_002_d10_1101_2022_03_10_483747152CO, homosapiens_None_2023_None_sikkemalisa_002_d10_1101_2022_03_10_483747193CO, homosapiens_None_2023_None_sikkemalisa_002_d10_1101_2022_03_10_483747022I, homosapiens_None_2023_None_sikkemalisa_002_d10_1101_2022_03_10_483747225I, homosapiens_None_2023_None_sikkemalisa_002_d10_1101_2022_03_10_483747439C, homosapiens_None_2023_None_sikkemalisa_002_d10_1101_2022_03_10_483747157I, homosapiens_None_2023_None_sikkemalisa_002_d10_1101_2022_03_10_483747210I, homosapiens_None_2023_None_sikkemalisa_002_d10_1101_2022_03_10_483747218C, homosapiens_None_2023_None_sikkemalisa_002_d10_1101_2022_03_10_483747465C, homosapiens_None_2023_None_sikkemalisa_002_d10_1101_2022_03_10_483747098C, homosapiens_None_2023_None_sikkemalisa_002_d10_1101_2022_03_10_4837478CO, homosapiens_None_2023_None_sikkemalisa_002_d10_1101_2022_03_10_483747221I, homosapiens_None_2023_None_sikkemalisa_002_d10_1101_2022_03_10_48374729I, homosapiens_None_2023_None_sikkemalisa_002_d10_1101_2022_03_10_48374723CO, homosapiens_None_2023_None_sikkemalisa_002_d10_1101_2022_03_10_483747222I, homosapiens_None_2023_None_sikkemalisa_002_d10_1101_2022_03_10_483747388C, homosapiens_None_2023_None_sikkemalisa_002_d10_1101_2022_03_10_483747063I, homosapiens_None_2023_None_sikkemalisa_002_d10_1101_2022_03_10_48374749I, homosapiens_None_2023_None_sikkemalisa_002_d10_1101_2022_03_10_483747177I, homosapiens_None_2023_None_sikkemalisa_002_d10_1101_2022_03_10_48374759I, homosapiens_None_2023_None_sikkemalisa_002_d10_1101_2022_03_10_483747145I, homosapiens_None_2023_None_sikkemalisa_002_d10_1101_2022_03_10_483747138I, homosapiens_None_2023_None_sikkemalisa_002_d10_1101_2022_03_10_483747179I, homosapiens_None_2023_None_sikkemalisa_002_d10_1101_2022_03_10_483747192CO, homosapiens_None_2023_None_sikkemalisa_002_d10_1101_2022_03_10_483747226C, homosapiens_None_2023_None_sikkemalisa_002_d10_1101_2022_03_10_483747212I, homosapiens_None_2023_None_sikkemalisa_002_d10_1101_2022_03_10_483747056CO, homosapiens_None_2023_None_sikkemalisa_002_d10_1101_2022_03_10_483747235CO, homosapiens_None_2023_None_sikkemalisa_002_d10_1101_2022_03_10_483747209I, homosapiens_None_2023_None_sikkemalisa_002_d10_1101_2022_03_10_483747053I, homosapiens_None_2023_None_sikkemalisa_002_d10_1101_2022_03_10_483747034I, homosapiens_None_2023_None_sikkemalisa_002_d10_1101_2022_03_10_483747166I, homosapiens_None_2023_None_sikkemalisa_002_d10_1101_2022_03_10_483747040I, homosapiens_None_2023_None_sikkemalisa_002_d10_1101_2022_03_10_483747092C, homosapiens_None_2023_None_sikkemalisa_002_d10_1101_2022_03_10_483747174I, homosapiens_None_2023_None_sikkemalisa_002_d10_1101_2022_03_10_483747396C, homosapiens_None_2023_None_sikkemalisa_002_d10_1101_2022_03_10_483747135I, homosapiens_None_2023_None_sikkemalisa_002_d10_1101_2022_03_10_483747454C, homosapiens_None_2023_None_sikkemalisa_002_d10_1101_2022_03_10_4837471372C, homosapiens_None_2023_None_sikkemalisa_002_d10_1101_2022_03_10_483747237CO, homosapiens_None_2023_None_sikkemalisa_002_d10_1101_2022_03_10_483747208C, homosapiens_None_2023_None_sikkemalisa_002_d10_1101_2022_03_10_483747137C, homosapiens_None_2023_None_sikkemalisa_002_d10_1101_2022_03_10_483747184CO, homosapiens_None_2023_None_sikkemalisa_002_d10_1101_2022_03_10_483747192C, homosapiens_None_2023_None_sikkemalisa_002_d10_1101_2022_03_10_483747021I, homosapiens_None_2023_None_sikkemalisa_002_d10_1101_2022_03_10_483747003C, homosapiens_None_2023_None_sikkemalisa_002_d10_1101_2022_03_10_483747214I, homosapiens_None_2023_None_sikkemalisa_002_d10_1101_2022_03_10_483747025I, homosapiens_None_2023_None_sikkemalisa_002_d10_1101_2022_03_10_48374747I, homosapiens_None_2023_None_sikkemalisa_002_d10_1101_2022_03_10_483747041I, homosapiens_None_2023_None_sikkemalisa_002_d10_1101_2022_03_10_483747194CO, homosapiens_None_2023_None_sikkemalisa_002_d10_1101_2022_03_10_483747238CO, homosapiens_None_2023_None_sikkemalisa_002_d10_1101_2022_03_10_483747081C, homosapiens_None_2023_None_sikkemalisa_002_d10_1101_2022_03_10_483747002C, homosapiens_None_2023_None_sikkemalisa_002_d10_1101_2022_03_10_483747483C, homosapiens_None_2023_None_sikkemalisa_002_d10_1101_2022_03_10_483747034C, homosapiens_None_2023_None_sikkemalisa_002_d10_1101_2022_03_10_483747484C, homosapiens_None_2023_None_sikkemalisa_002_d10_1101_2022_03_10_483747253C, homosapiens_None_2023_None_sikkemalisa_002_d10_1101_2022_03_10_483747084C, homosapiens_None_2023_None_sikkemalisa_002_d10_1101_2022_03_10_483747001C, homosapiens_None_2023_None_sikkemalisa_002_d10_1101_2022_03_10_483747158I, homosapiens_None_2023_None_sikkemalisa_002_d10_1101_2022_03_10_483747153CO, homosapiens_None_2023_None_sikkemalisa_002_d10_1101_2022_03_10_483747065C, homosapiens_None_2023_None_sikkemalisa_002_d10_1101_2022_03_10_483747123I, homosapiens_None_2023_None_sikkemalisa_002_d10_1101_2022_03_10_483747217CO, homosapiens_None_2023_None_sikkemalisa_002_d10_1101_2022_03_10_483747137CO, homosapiens_None_2023_None_sikkemalisa_002_d10_1101_2022_03_10_483747244C, homosapiens_None_2023_None_sikkemalisa_002_d10_1101_2022_03_10_483747NU_CZI02, homosapiens_None_2023_None_sikkemalisa_002_d10_1101_2022_03_10_483747NU_CZI01, homosapiens_None_2023_None_sikkemalisa_002_d10_1101_2022_03_10_4837472020-3173-NC004, homosapiens_None_2023_None_sikkemalisa_002_d10_1101_2022_03_10_4837472020-3173-NC007, homosapiens_None_2023_None_sikkemalisa_002_d10_1101_2022_03_10_4837472020-3173-NC005, homosapiens_None_2023_None_sikkemalisa_002_d10_1101_2022_03_10_4837472020-3173-NC006, homosapiens_None_2023_None_sikkemalisa_002_d10_1101_2022_03_10_4837472020-3173-NC003, homosapiens_None_2023_None_sikkemalisa_002_d10_1101_2022_03_10_483747lambrechts_2, homosapiens_None_2023_None_sikkemalisa_002_d10_1101_2022_03_10_483747lambrechts_1, homosapiens_None_2023_None_sikkemalisa_002_d10_1101_2022_03_10_483747SHMI57ng, homosapiens_None_2023_None_sikkemalisa_002_d10_1101_2022_03_10_483747A9LCTZng, homosapiens_None_2023_None_sikkemalisa_002_d10_1101_2022_03_10_483747S4ECX8ng, homosapiens_None_2023_None_sikkemalisa_002_d10_1101_2022_03_10_483747ZM3KACng, homosapiens_None_2023_None_sikkemalisa_002_d10_1101_2022_03_10_48374716E0F2ng, homosapiens_None_2023_None_sikkemalisa_002_d10_1101_2022_03_10_483747JVV9L8ng, homosapiens_None_2023_None_sikkemalisa_002_d10_1101_2022_03_10_483747QZY9VQng, homosapiens_None_2023_None_sikkemalisa_002_d10_1101_2022_03_10_4837471A1DFBng, homosapiens_None_2023_None_sikkemalisa_002_d10_1101_2022_03_10_483747101CV0ng"
assay_ontology_term_id	category	"EFO:0009901, EFO:0009899, EFO:0008919, EFO:0009922, EFO:0011025, EFO:0030004, EFO:0009900, EFO:0030003, EFO:0008722"
cell_type_ontology_term_id	category	"CL:0000861, CL:0000583, CL:0000623, CL:0002063, CL:0002138, CL:0000236, CL:0000625, CL:0000624, CL:0002399, CL:0000097, CL:0002633, CL:0019019, CL:0000860, CL:0002144, CL:0002632, CL:0002145, CL:0002062, CL:0002543, CL:1001568, CL:0000057, CL:4028004, CL:0000037, CL:0000003, CL:0009089, CL:4028006, CL:0000186, CL:0000786, CL:1001603, CL:0000499, CL:0000875, CL:0000192, CL:0000990, CL:0000319, CL:0005006, CL:0000622, CL:1000223, CL:0002480, CL:4030023, CL:0002075, CL:0000158, CL:1000312, CL:0000077, CL:0010003, CL:0000084, CL:0005012, CL:0000451, CL:0019001, CL:0000784, CL:2000093, CL:0019003, CL:0000313"
development_stage_ontology_term_id	category	"HsapDv:0000150, HsapDv:0000170, HsapDv:0000169, HsapDv:0000123, HsapDv:0000149, HsapDv:0000161, HsapDv:0000131, HsapDv:0000138, HsapDv:0000155, HsapDv:0000160, HsapDv:0000162, HsapDv:0000132, HsapDv:0000158, HsapDv:0000137, HsapDv:0000147, HsapDv:0000238, HsapDv:0000240, HsapDv:0000239, HsapDv:0000241, HsapDv:0000082, HsapDv:0000125, HsapDv:0000104, HsapDv:0000153, HsapDv:0000121, HsapDv:0000117, HsapDv:0000151, HsapDv:0000129, HsapDv:0000097, unknown, HsapDv:0000115, HsapDv:0000207, HsapDv:0000156, HsapDv:0000166, HsapDv:0000159, HsapDv:0000165, HsapDv:0000142, HsapDv:0000164, HsapDv:0000135, HsapDv:0000128, HsapDv:0000124, HsapDv:0000130, HsapDv:0000119, HsapDv:0000134, HsapDv:0000163, HsapDv:0000148, HsapDv:0000143, HsapDv:0000136, HsapDv:0000141, HsapDv:0000152, HsapDv:0000109, HsapDv:0000116, HsapDv:0000157, HsapDv:0000146, HsapDv:0000139, HsapDv:0000140, HsapDv:0000173, HsapDv:0000144, HsapDv:0000145, HsapDv:0000112, HsapDv:0000120, HsapDv:0000118, HsapDv:0000127, HsapDv:0000096, HsapDv:0000101, HsapDv:0000174, HsapDv:0000108, HsapDv:0000185, HsapDv:0000099, HsapDv:0000176, HsapDv:0000098, HsapDv:0000184, HsapDv:0000110, HsapDv:0000106, HsapDv:0000179, HsapDv:0000103, HsapDv:0000167, HsapDv:0000171, HsapDv:0000154, HsapDv:0000114"
disease_ontology_term_id	category	"PATO:0000461, MONDO:0015925, MONDO:0005249, MONDO:0100096, MONDO:0002771, MONDO:0017853, MONDO:0001708, MONDO:0019622, MONDO:0009061, MONDO:0005002, MONDO:0005097, MONDO:0005061, MONDO:0003050, MONDO:0003573, MONDO:0011705, MONDO:0004514"
self_reported_ethnicity_ontology_term_id	category	"HANCESTRO:0005, HANCESTRO:0008, unknown, HANCESTRO:0010, HANCESTRO:0463, HANCESTRO:0306, HANCESTRO:0574"
tissue_ontology_term_id	category	"UBERON:0008946, UBERON:0002048, UBERON:0001005, UBERON:0000004"
organism_ontology_term_id	category	NCBITaxon:9606
sex_ontology_term_id	category	"PATO:0000384, PATO:0000383, unknown"
age_range	category	"nan, 30-35, 50-55, 40-45, 55-60, 60-65, 65-70"
ann_finest_level	category	"Monocyte-derived Mph, Alveolar macrophages, NK cells, Alveolar Mph CCL3+, AT2, Lymphatic EC mature, B cells, CD8 T cells, CD4 T cells, DC2, Mast cells, Suprabasal, Smooth muscle, Classical monocytes, EC general capillary, pre-TB secretory, Multiciliated (non-nasal), AT1, EC venous pulmonary, EC arterial, Adventitial fibroblasts, Alveolar fibroblasts, Hematopoietic stem cells, Unknown, Pericytes, EC aerocyte capillary, Myofibroblasts, Plasma cells, Basal resting, Interstitial Mph perivascular, EC venous systemic, Lymphatic EC differentiating, Smooth muscle FAM83D+, AT2 proliferating, Non-classical monocytes, SM activated stress response, DC1, SMG mucous, Ionocyte, SMG duct, Neuroendocrine, Club (non-nasal), Goblet (nasal), Hillock-like, Tuft, Club (nasal), Goblet (bronchial), Multiciliated (nasal), Alveolar Mph proliferating, SMG serous (bronchial), Subpleural fibroblasts, Lymphatic EC proliferating, Mesothelium, AT0, T cells proliferating, Deuterosomal, Migratory DCs, Plasmacytoid DCs, Peribronchial fibroblasts, Alveolar Mph MT-positive, Goblet (subsegmental), SMG serous (nasal)"
ann_level_1	category	"Immune, Epithelial, Endothelial, Stroma, Unknown"
ann_level_2	category	"Myeloid, Lymphoid, Alveolar epithelium, Lymphatic EC, Airway epithelium, Smooth muscle, Blood vessels, Fibroblast lineage, Hematopoietic stem cells, Unknown, Submucosal Gland, Mesothelium"
ann_level_3	category	"Macrophages, Innate lymphoid cell NK, AT2, Lymphatic EC mature, B cell lineage, T cell lineage, Dendritic cells, Mast cells, Basal, None, Monocytes, EC capillary, Secretory, Multiciliated lineage, AT1, EC venous, EC arterial, Fibroblasts, Unknown, Myofibroblasts, Lymphatic EC differentiating, Smooth muscle FAM83D+, SM activated stress response, Submucosal Secretory, Rare, Lymphatic EC proliferating"
ann_level_4	category	"Interstitial macrophages, Alveolar macrophages, NK cells, None, B cells, CD8 T cells, CD4 T cells, DC2, Suprabasal, Classical monocytes, EC general capillary, Transitional Club-AT2, Multiciliated, EC venous pulmonary, Adventitial fibroblasts, Alveolar fibroblasts, Unknown, Pericytes, AT2 proliferating, EC aerocyte capillary, Plasma cells, Basal resting, EC venous systemic, Club, Non-classical monocytes, DC1, SMG mucous, Ionocyte, Goblet, SMG duct, Neuroendocrine, SMG serous, Hillock-like, Tuft, Subpleural fibroblasts, T cells proliferating, Deuterosomal, Migratory DCs, Plasmacytoid DCs, Peribronchial fibroblasts"
ann_level_5	category	"Monocyte-derived Mph, None, Alveolar Mph CCL3+, pre-TB secretory, Multiciliated (non-nasal), Unknown, AT0, Interstitial Mph perivascular, SMG serous (bronchial), Club (non-nasal), Goblet (nasal), Club (nasal), Goblet (bronchial), Multiciliated (nasal), Alveolar Mph proliferating, Alveolar Mph MT-positive, Goblet (subsegmental), SMG serous (nasal)"
core_or_extension	category	"core, extension"
lung_condition	category	"Healthy, Healthy (tumor adjacent), Systemic sclerosis-associated ILD, Pneumonia non-COVID, COVID-19, IPF, HP, Sarcoidosis, NSIP, ILD, CF, COVID-19 severe, COVID-19 moderate, Myositis-associated ILD, COPD, Squamous Cell Carcinoma, anti-CD3 anti-CD28 antibody stimulated, Lung adenocarcinoma, Large Cell Carcinoma, Pleiomorphic Carcinoma, Lymphangioleiomyomatosis, End-stage lung fibrosis, unknown etiology, Chronic rhinitis"
original_ann_level_1	category	"Immune, Epithelial, Endothelial, Proliferating cells, Stroma, nan, Unknown, Cancer"
original_ann_level_2	category	"Myeloid, Lymphoid, Alveolar epithelium, Lymphatic EC, None, Blood vessels, Airway epithelium, Fibroblast lineage, Smooth muscle, Submucosal Gland, nan, Granulocytes, Mesothelium, Chondrocytes, Megakaryocytic and erythroid"
original_ann_level_3	category	"Macrophages, None, AT2, B cell lineage, T cell lineage, Dendritic cells, Mast cells, Monocytes, Secretory, Multiciliated lineage, AT1, Fibroblasts, Innate lymphoid cell NK, Basal, EC capillary, Vascular smooth muscle, EC arterial, Myofibroblasts, EC venous, Submucosal Secretory, Rare, nan, Neutrophilic, BASCs, Erythrocytes, Airway smooth muscle, Bronchial Vessel 1, KRT5- KRT17+ epithelial, Mesothelial DEFB4A, Squamous, Bronchial Vessel 2, Fibromyocytes, Erythroblast"
original_ann_level_4	category	"Macrophages SPP1 high, Alveolar macrophages, None, Club, Multiciliated, Peribronchial fibroblasts, Alveolar fibroblasts, CD8 T cells, CD4 T cells, NKT cells, Pericytes, Adventitial fibroblasts, Gamma-delta T cells, AT2 proliferating, Suprabasal, EC aerocyte capillary, EC general capillary, Interstitial macrophages, Arterial Pulmonary, Basal proliferating, NK cells, Goblet, Plasma cells, B cells, Non-classical monocytes, Classical monocytes, SMG basal A, EC venous pulmonary, EC venous systemic, DC1, Arterial Systemic, DC2, SMG serous, SMG mucous, SMG duct, Neuroendocrine, nan, Transitional AT2, Secondary crest myofibroblast, KRT8 high basal, Proteasomal basal, SMG basal B, Tuft, Ionocyte, Basal resting, Activated myofibroblasts, Macrophages MARCO-, Deuterosomal, DC monocyte, Mph proliferating, Plasmacytoid DCs, Fibroblasts PLIN2+, T cells proliferating, Subpleural fibroblasts, Migratory DCs, Regulatory T cells, Langerin+ DC, ILCs, Basal activated, Basal TP63, Basal KRT13 cornified, Fibroblasts WIF1+ CHRM2+, SMG MUC5Blow DEFB1, Lipofibroblasts, Intermediate monocytes, AT2 homeostatic, AT2 activated, Mucous ciliated, EREG+ Dendritic, NKT cells proliferating, EC capillary intermediate 1, EC capillary intermediate 2, Signaling alveolar AT2, TREM2+ Dendritic, Hillock-like, DC activated, MAIT cells, Nerve-associated fibroblasts"
original_ann_level_5	category	"None, Alveolar Mph CCL3+, Interstitial Mph perivascular, Alveolar Mph MT-positive, CD8_TRM/EM, CD4 T cells EM, CD8_EM/EMRA, CD8 T cells EM, CD4T cells TRM, CD4 T cells naive, NK CD16, Memory B cells, Monocyte-derived Mph, NK CD56, nan, Interstitial Mph IDO1+, Alveolar Mph activated IFI27, Interstitial Mph FPR3+, Interstitial Mph CCL3+, Interstitial v AXL+, CD8 T cells naive, CD4 T cells ME, CD8 T cells ME, OLR1+ Classical Monocyte, Goblet (nasal), Multiciliated (nasal), Club (nasal), Multiciliated (non-nasal), NK dividing, NK CD11d, CD8 T cells TRM, Naive B cells, Plasmablasts"
original_ann_nonharmonized	category	"1 SPP1hi Macrophage, 0 FABP4hi Macrophage, 5 T-cell/NK cell, 6 AT2, 11 Lymphatic endothelial, 15 B-cell/plasma cell, 2 T-Cell, 10 Dendritic cell, 13 Mast cell, 14 Proliferating cell, 7 Fibroblast/SMC/pericyte, 3 FCN1hi monocyte, 4 Endothelial, 12 Club, 9 Ciliated Cell, 8 AT1, Fibro_peribronchial, Fibro_alveolar, Macro_alveolar, Macro_CHIT1, CD8_TRM/EM, CD4_EM/Effector, NKT, Muscle_pericyte_pulmonary, CD8_EM/EMRA, CD8_EM, CD4_TRM, Fibro_adventitial, gdT, CD4_naive/CM, Endothelia_Lymphatic, Basal, Endothelia_vascular_Cap_a, Endothelia_vascular_Cap_g, Muscle_smooth_pulmonary, Fibro_myofibroblast, Macro_intravascular, Ciliated, NK_CD16hi, AT2, AT1, MAIT, Endothelia_vascular_arterial_pulmonary, Mast_cell, Secretory_Goblet, B_memory, Secretory_Club, B_plasma_IgG, Monocyte_CD16, Monocyte_CD14, Suprabasal, Endothelia_vascular_venous_pulmonary, Endothelia_vascular_venous_systemic, B_plasma_IgA, NK_CD56bright, Dividing_Basal, DC_1, Endothelia_vascular_arterial_systemic, DC_2, SMG_Serous, Ionocyte_n_Brush, SMG_Mucous, SMG_Duct, Neuroendocrine, Muscle_smooth_arterial_systemic, Dendritic cells, T cells 1, Macrophages 1, Club cells, Doublet, mixed cells, NK cells, Monocytes, Erythrocytes, Ciliated cells, Macrophages 2, Neutrophils, AT2 cells, Plasma cells, Mast cells/Basophils, AT1 cells, B cells, Cycling macrophages, CD56 NK cells, Macrophages 3, Arterial EC, Matrix fibroblast 1, Monocyte, NK, Macrophage 1, Venous EC, Multiciliated 1, Club, Goblet, Myofibroblast, Matrix fibroblast 2, Lymphatic EC, CD4T, Plasma, B, DC, Neutrophil, Mast/Basal, Serous, Secondary crest myofib, Pericyte, Arterial smooth muscle, Macrophage 2, gCap, Capillary intermediate, aCap, AT1.AT2, Bronchoalveolar stem cell, CD8T, Multiciliated 2, AT1 diff, Venous smooth muscle, Mature.mucus.secretory, Proliferating.basal, Differentiating.basal, KRT8.high, SMG.basal.A, Proteasomal.basal, SMG.basal.B, Mucus.secretory, Mature.ciliated.B, Mature.ciliated.A, Tuft-like, SMG.secretory, PNEC, Ionocyte, NK cell, T cell, Macrophage, Myeloid, Cycling cell, Alveolar epithelium, Secretory cell, Endothelial cell, Stromal cell, Fibroblast, Arterial aerocyte, Lymphatics, Aerocyte, Granulocytes, B cell, Disease-associated stromal cell, Airway epithelium, HHIP+ AT2, Mast, Smooth muscle cell, Venous endothelial cell, Luminal_Macrophages, T and NK, Mesothelium, Fibroblasts, Type 2 alveolar, Endothelial, Ciliated 1, Smooth muscle, Lymphatic, Mast cells, Basal 2, Type_1_alveolar, Basal 1, alveolar type 1 cells, veins, Alveolar macrophages, lymphatics, matrix fibroblast 2, matrix fibroblast 1, AT1/AT2-like, chondrocytes, pericytes, myofibroblasts, monocytes, alveolar type 2 cells, Cap1, vascular smooth muscle, unclassified, mast cells, enucleated erythrocytes, Interstitial macrophages, airway smooth muscle, AT2/Club-like, goblet cells, club cells, T cells, basal cells, Cap2, ciliated cells, arteries, pulmonary neuroendocrine cells, bronchial vessel, dendritic cells, Md_macrophage, Plasma_cell, B_cell, Squamous_KRT13, Alveolar_macrophage, Inflammatory, Secretory, cDC, CD8_Tcell, CD4_Tcell, pDC, Natural CD4 T-cells, AM, AM activated, Memory/Effector CD8 T-cells, Proliferating cells, preAT-1 cells, Natural CD8 T-cells, AT-2 cells, mDC2, Cap-B_EC, Classical Monocytes, SMCs, Lym_EC, Lipofibroblast, Differentiating Ciliated cells, Cap-A_EC, Fibroblasts-2, SCARA5, Fibroblasts-4, Fibroblasts-3, Bronchial vessel, Endothelial-1, Smooth muscle-1, Macrophages, Fibroblasts-1, Smooth muscle-2, Mesothelial-1, Mesothelial-2, AT2-1, AT2-2, Transitional AT2, Capillary, Artery, MoAM-1, MoAM-2, MoAM-3, TRAM-3, DCs, Basal 3, TRAM-1, Endothelial-2, TRAM-2, MoAM-4, MoAM2, MoAM4, Mixed myeloid, DC1, Club, Basal cells, DC2, Migratory DC, MoAM3, CD8 prolif. T cells, CD8 cytotoxic T cells, Ionocytes, AT2, AT1 cells, TRAM1, TRAM2, CD4 cytotoxic T cells, CD8 cytotoxic TRM T cells, MoAM1, CD4 CM T cells, CD4 prolif. T cells, iNKT cells, Treg, Endothelial - CA4+ capillary, Proliferating, Monocyte-derived macrophage, Endothelial Cells, Differentiating Ciliated, Inflammatory monocyte, moDC, CD4, CD8/NKT, NK Cells, SCGB3A2+ SCGB1A1+, pDCs, cDCs, Secretory - SCGB1A1+/MUC5B+, Macrophage - SPP1+, Endothelial - arteriole, Endothelial - capillary, SCGB3A2+, MUC5B+, Lymphatic Endothelial Cells, MyoFB, FB - PLIN2+, cDC1, Secretory - SCGB1A1+/SCGB3A2+, Myofibroblasts, T Cells, B Cells, Proliferating Macrophages, Endothelial - venule, Endothelial - peribronchiolar, Alveolar macrophage"
reannotation_type	category	"Misannotated, Correctly annotated, Underannotated, nan"
sample	category	"SC31, SC31D, SC14, WTDAtest7732270, WTDAtest7732265, HCATisStab7732262, WTDAtest7732269, WTDAtest7732266, WTDAtest7732267, HCATisStab7732264, HCATisStab7732261, HCATisStab7732263, WTDAtest7732268, WTDAtest7887999, WTDAtest7888002, WTDAtest7888000, WTDAtest7888001, Pool_423, Pool_425, Pool_353, Pool_424, Pool_352, Pool_351, Pool_437, Pool_350, Pool_426, Pool_439, Pool_354, Pool_438, Pool_440, Pool_441, Duong_lungMAP_unpubl_sample_7, Duong_lungMAP_unpubl_sample_3, Duong_lungMAP_unpubl_sample_8, Duong_lungMAP_unpubl_sample_5, Duong_lungMAP_unpubl_sample_2, Duong_lungMAP_unpubl_sample_4, Duong_lungMAP_unpubl_sample_6, Duong_lungMAP_unpubl_sample_1, Duong_lungMAP_unpubl_sample_0, T90, T154, T164, T101, T166, T153, T165, T167, SSC 7, SSC 8, SSC 4, SSC 3, SSC 5, SSC 2, SSC 1, SSC 6, 7185213, 7239219, 7239220, 7239218, 7239217, 7239213, 7135920, 7135919, 7185212, 7119453, 7119452, GSM4906346, GSM4906354, GSM4906347, T89, T85, T137, T121, T120, T126, GSM4906350, GSM4906353, BAL019, BAL031, BAL035, BAL003, BAL038, BAL034, BAL027, BAL026, BAL028, BAL022, BAL018, BAL024, BAL009, BAL029, BAL023, BAL017, BAL032, BAL016, BAL021, BAL033, BAL015, BAL037, BAL010, BAL014, BAL039, BAL020, BAL002, BAL011, BAL001, BAL025, BAL036, BAL012, BAL040, BAL030, BAL013, GSM4906348, GSM4906349, GSM4906352, MUC24276, MUC28292, MUC28291, MUC28287, MUC28289, MUC28294, MUC24280, Sample_21, Sample_18, Sample_20, Sample_8, Sample_17, Sample_15, Sample_7, Sample_22, Sample_16, Sample_10, Sample_9, Sample_19, Wunderink2021_sample_14, Wunderink2021_sample_18, Wunderink2021_sample_15, Wunderink2021_sample_12, Wunderink2021_sample_17, Wunderink2021_sample_16, Wunderink2021_sample_13, Wunderink2021_sample_19, VUHD68, VUILD60, VUILD58, F01366, F01851, VUHD67, F02607, VUILD61, F01853, F02526, VUILD57, TILD015, F01157, F02617, VUILD62, VUILD59, VUHD101, F02524, F01874, TILD030, VUILD65, F02528, F01641, VUHD70, TILD010, F01365, F01607, VUHD66, F02613, TILD019, F02522, TILD028, F01494, VUILD63, F02092, F02611, F03045, F02730, F01639, TILD001, F01508, VUILD53, F01511, F01394, VUILD55, F01495, F01403, TILD006, VUILD48, F01483, VUILD54, F01367, VUILD64, F01513, F01692, F02992, F00409, F02509, F02609, F01506, F01869, cc05p, dd39p, KKD022N, cc02p, h18, cf019, KKD020N, KKCFFT32N, dd49p, dd09p, cc04p, KKD019N, cc01p, KKD023N, dd10p, KKD024N, S2, M2, S6, S5, HC3, S1, M1, S4, S3, HC1, HC2, M3, D8_3, D8_2, D3_1, D3_2, SC10, SSc-ILD_02, SSc-ILD_01, SC20, SC27, HP_01, IPF_02, IPF_01, SC29, SC24, Myositis-ILD_01, IPF_03, SC07, SC22, IPF_04, Cryobiopsy_01, SC18, PX7, PX2, PX8, PX1, PX9, PX4, PX5, PX3, PX10, PX6, 207CO, 133C-a, 178CO, 228I-a, 022C-b, 052CO-a, 186CO-b, 160C, 051I, 010I, 152CO-a, 193CO-b, 022I, 225I-b, 439C-b, 157I-a, 210CO, 218C-a, 465C, 098C-b, 8CO, 221I-a, 29I, 23CO, 022C-a, 222I-b, 388C, 063I-b, 49I-a, 177I, 59I, 145I-a, 138I-a, 49I-b, 051I-a, 179I, 192CO"
scanvi_label	category	"Macrophages, unlabeled, AT2, Lymphatic EC, B cell lineage, T cell lineage, Dendritic cells, Mast cells, Proliferating cells, Monocytes, Secretory, Ciliated, AT1, nan, Basal, Submucosal Secretory, Rare, Mesothelium, Fibroblast lineage, Smooth Muscle, Capillary, Arterial EC, Non-T/B cells, Venous, Squamous, Bronchial Vessel 1, Bronchial Vessel 2, Neutrophilic"
study	category	"Lafyatis_Rojas_2019, Meyer_2021, Schultze_unpubl, Duong_lungMAP_unpubl, Seibold_2020, Lafyatis_2019, Teichmann_Meyer_2019, Sun_2020, Lambrechts_2021, Schiller_2021, Budinger_2020, Wunderink_2021, Banovich_Kropski_2020, Gomperts_2021, Zhang_2021, Regev_2021, Misharin_Budinger_2018, Janssen_2020, Kaminski_2020, Misharin_2021, Jain_Misharin_2021, Thienpont_2018, Eils_2020, Sims_2019, Krasnow_2020, Nawijn_2021, Xu_2020, Barbry_Leroy_2020, Meyer_Nikolic_2022, Meyer_2019, Peer_Massague_2020, Schiller_2020, Sheppard_2020, Shalek_2018, Tata_unpubl"
tissue_sampling_method	category	"donor_lung, surgical_resection, lung_explant, donor_lung_cryopreserved, balf, autopsy, balf_cryopreserved, autopsy_cryopreserved, biopsy_cryopreserved, scraping, biopsy, brush"
cell_type	category	"elicited macrophage, alveolar macrophage, natural killer cell, type II pneumocyte, endothelial cell of lymphatic vessel, B cell, CD8-positive, alpha-beta T cell, CD4-positive, alpha-beta T cell, CD1c-positive myeloid dendritic cell, mast cell, respiratory basal cell, tracheobronchial smooth muscle cell, classical monocyte, capillary endothelial cell, epithelial cell of lower respiratory tract, ciliated columnar cell of tracheobronchial tree, type I pneumocyte, vein endothelial cell, pulmonary artery endothelial cell, fibroblast, alveolar type 1 fibroblast cell, hematopoietic stem cell, native cell, lung pericyte, alveolar type 2 fibroblast cell, myofibroblast cell, plasma cell, lung macrophage, stromal cell, non-classical monocyte, smooth muscle cell, conventional dendritic cell, mucus secreting cell, ionocyte, acinar cell, lung neuroendocrine cell, nasal mucosa goblet cell, respiratory hillock cell, brush cell of trachebronchial tree, club cell, bronchial goblet cell, mesothelial cell, epithelial cell of alveolus of lung, T cell, multi-ciliated epithelial cell, dendritic cell, tracheobronchial serous cell, plasmacytoid dendritic cell, bronchus fibroblast of lung, tracheobronchial goblet cell, serous secreting cell"
assay	category	"10x 3' v1, 10x 3' v2, Seq-Well, 10x 3' v3, 10x 5' v1, 10x 5' transcription profiling, 10x 5' v2, 10x 3' transcription profiling, Drop-seq"
disease	category	"normal, interstitial lung disease, pneumonia, COVID-19, pulmonary fibrosis, hypersensitivity pneumonitis, pulmonary sarcoidosis, non-specific interstitial pneumonia, cystic fibrosis, chronic obstructive pulmonary disease, squamous cell lung carcinoma, lung adenocarcinoma, lung large cell carcinoma, pleomorphic carcinoma, lymphangioleiomyomatosis, chronic rhinitis"
organism	category	Homo sapiens
sex	category	"male, female, unknown"
tissue	category	"lung parenchyma, lung, respiratory airway, nose"
self_reported_ethnicity	category	"European, Asian, unknown, African, American, admixed ancestry, Pacific Islander"
development_stage	category	"56-year-old human stage, 76-year-old human stage, 75-year-old human stage, 29-year-old human stage, 55-year-old human stage, 67-year-old human stage, 37-year-old human stage, 44-year-old human stage, 61-year-old human stage, 66-year-old human stage, 68-year-old human stage, 38-year-old human stage, 64-year-old human stage, 43-year-old human stage, 53-year-old human stage, fourth decade human stage, sixth decade human stage, fifth decade human stage, seventh decade human stage, newborn human stage, 31-year-old human stage, 10-year-old human stage, 59-year-old human stage, 27-year-old human stage, 23-year-old human stage, 57-year-old human stage, 35-year-old human stage, 3-year-old human stage, unknown, 21-year-old human stage, 81-year-old human stage, 62-year-old human stage, 72-year-old human stage, 65-year-old human stage, 71-year-old human stage, 48-year-old human stage, 70-year-old human stage, 41-year-old human stage, 34-year-old human stage, 30-year-old human stage, 36-year-old human stage, 25-year-old human stage, 40-year-old human stage, 69-year-old human stage, 54-year-old human stage, 49-year-old human stage, 42-year-old human stage, 47-year-old human stage, 58-year-old human stage, 15-year-old human stage, 22-year-old human stage, 63-year-old human stage, 52-year-old human stage, 45-year-old human stage, 46-year-old human stage, 79-year-old human stage, 50-year-old human stage, 51-year-old human stage, 18-year-old human stage, 26-year-old human stage, 24-year-old human stage, 33-year-old human stage, 2-year-old human stage, 7-year-old human stage, 1-month-old human stage, 14-year-old human stage, 12-month-old human stage, 5-year-old human stage, 3-month-old human stage, 4-year-old human stage, 11-month-old human stage, 16-year-old human stage, 12-year-old human stage, 6-month-old human stage, 9-year-old human stage, 73-year-old human stage, 77-year-old human stage, 60-year-old human stage, 20-year-old human stage"
ann	category	"Macrophages, Innate lymphoid cell NK, AT2, Lymphatic EC mature, B cell lineage, T cell lineage, Dendritic cells, Mast cells, Basal, Smooth muscle, Monocytes, EC capillary, Secretory, Multiciliated lineage, AT1, EC venous, EC arterial, Fibroblasts, Hematopoietic stem cells, Unknown, Myofibroblasts, Lymphatic EC differentiating, Smooth muscle FAM83D+, SM activated stress response, Submucosal Secretory, Rare, Lymphatic EC proliferating, Mesothelium"
ann_sample	category	"Macrophages_SC31, Macrophages_SC31D, Innate lymphoid cell NK_SC31, Macrophages_SC14, AT2_SC31D, Lymphatic EC mature_SC31D, B cell lineage_SC31, Innate lymphoid cell NK_SC14, T cell lineage_SC31D, Dendritic cells_SC31, Mast cells_SC31, T cell lineage_SC14, Basal_SC31, B cell lineage_SC31D, AT2_SC31, T cell lineage_SC31, Smooth muscle_SC14, Monocytes_SC31, B cell lineage_SC14, EC capillary_SC31D, Secretory_SC31D, Monocytes_SC31D, Innate lymphoid cell NK_SC31D, Basal_SC31D, Monocytes_SC14, Multiciliated lineage_SC31D, Dendritic cells_SC31D, AT1_SC31, EC venous_SC31D, Secretory_SC14, EC arterial_SC31D, Lymphatic EC mature_SC31, Multiciliated lineage_SC31, Fibroblasts_SC14, Fibroblasts_SC31D, EC venous_SC31, Mast cells_SC31D, Secretory_SC31, Fibroblasts_SC31, Smooth muscle_SC31, EC capillary_SC14, EC capillary_SC31, EC arterial_SC31, EC arterial_SC14, Smooth muscle_SC31D, AT2_SC14, Hematopoietic stem cells_SC31, Dendritic cells_SC14, Multiciliated lineage_SC14, EC venous_SC14, AT1_SC31D, Lymphatic EC mature_SC14, Fibroblasts_WTDAtest7732270, Macrophages_WTDAtest7732265, T cell lineage_HCATisStab7732262, Fibroblasts_WTDAtest7732269, Lymphatic EC mature_WTDAtest7732266, Lymphatic EC mature_WTDAtest7732265, Basal_WTDAtest7732266, EC capillary_WTDAtest7732269, NA_WTDAtest7732265, NA_WTDAtest7732267, Unknown_WTDAtest7732265, Multiciliated lineage_WTDAtest7732266, Unknown_WTDAtest7732270, Unknown_WTDAtest7732269, Lymphatic EC mature_WTDAtest7732269, Fibroblasts_WTDAtest7732267, Myofibroblasts_WTDAtest7732269, Innate lymphoid cell NK_WTDAtest7732265, Innate lymphoid cell NK_HCATisStab7732264, AT2_HCATisStab7732261, Macrophages_WTDAtest7732269, AT2_HCATisStab7732264, EC capillary_WTDAtest7732270, AT1_WTDAtest7732270, T cell lineage_HCATisStab7732263, NA_WTDAtest7732268, Fibroblasts_HCATisStab7732263, AT1_WTDAtest7887999, EC arterial_WTDAtest7732268, T cell lineage_HCATisStab7732261, Mast cells_WTDAtest7732265, Fibroblasts_WTDAtest7732268, Unknown_WTDAtest7732266, B cell lineage_WTDAtest7732265, Secretory_WTDAtest7732266, T cell lineage_WTDAtest7732267, Fibroblasts_WTDAtest7732265, EC arterial_WTDAtest7732270, B cell lineage_HCATisStab7732262, Monocytes_WTDAtest7732265, Basal_WTDAtest7732269, Monocytes_WTDAtest7888002, EC capillary_HCATisStab7732264, Secretory_HCATisStab7732262, EC capillary_WTDAtest7732265, AT2_WTDAtest7887999, Myofibroblasts_HCATisStab7732264, T cell lineage_WTDAtest7732265, NA_HCATisStab7732264, B cell lineage_HCATisStab7732264, EC arterial_HCATisStab7732264, Basal_WTDAtest7732267, Basal_WTDAtest7732270, AT2_WTDAtest7888000, Unknown_HCATisStab7732262, EC arterial_WTDAtest7732265, EC capillary_WTDAtest7732267, Macrophages_WTDAtest7732268, EC venous_WTDAtest7732270, Monocytes_HCATisStab7732262, Myofibroblasts_WTDAtest7732266, Monocytes_HCATisStab7732263, Mast cells_HCATisStab7732264, B cell lineage_WTDAtest7732266, Secretory_WTDAtest7732269, Macrophages_HCATisStab7732261, EC capillary_WTDAtest7732266, Lymphatic EC differentiating_WTDAtest7732267, Multiciliated lineage_WTDAtest7732269, Monocytes_WTDAtest7732268, T cell lineage_WTDAtest7732269, Unknown_WTDAtest7732267, Mast cells_HCATisStab7732262, Multiciliated lineage_WTDAtest7732270, Unknown_HCATisStab7732263, Fibroblasts_HCATisStab7732264, Innate lymphoid cell NK_HCATisStab7732262, AT1_WTDAtest7732269, Macrophages_HCATisStab7732264, Innate lymphoid cell NK_WTDAtest7732268, Multiciliated lineage_WTDAtest7732267, AT1_WTDAtest7732268, NA_WTDAtest7732269, Monocytes_HCATisStab7732261, T cell lineage_WTDAtest7732270, NA_WTDAtest7732270, Macrophages_WTDAtest7888002, EC venous_WTDAtest7888002, AT2_WTDAtest7732269, Unknown_WTDAtest7732268, Unknown_HCATisStab7732261, Mast cells_WTDAtest7887999, Multiciliated lineage_WTDAtest7732265, Unknown_HCATisStab7732264, Myofibroblasts_WTDAtest7732265, Secretory_WTDAtest7732267, Mast cells_HCATisStab7732263, Lymphatic EC mature_WTDAtest7732270, Macrophages_HCATisStab7732262, Macrophages_WTDAtest7732270, Lymphatic EC mature_WTDAtest7888000, Monocytes_WTDAtest7732267, NA_WTDAtest7732266, Myofibroblasts_WTDAtest7732270, Lymphatic EC mature_WTDAtest7732268, Secretory_HCATisStab7732264, B cell lineage_WTDAtest7887999, EC venous_WTDAtest7732267, EC venous_HCATisStab7732264, Smooth muscle FAM83D+_WTDAtest7732270, EC arterial_WTDAtest7732267, EC venous_HCATisStab7732263, Innate lymphoid cell NK_HCATisStab7732263, B cell lineage_HCATisStab7732261, EC venous_WTDAtest7732268, Macrophages_HCATisStab7732263, Multiciliated lineage_WTDAtest7888001, AT2_WTDAtest7732266, T cell lineage_WTDAtest7888002, Fibroblasts_WTDAtest7888000, Innate lymphoid cell NK_HCATisStab7732261, Innate lymphoid cell NK_WTDAtest7887999, Lymphatic EC mature_HCATisStab7732264, Fibroblasts_HCATisStab7732262, Dendritic cells_WTDAtest7732265, Multiciliated lineage_HCATisStab7732264, B cell lineage_HCATisStab7732263, Innate lymphoid cell NK_WTDAtest7732267, T cell lineage_WTDAtest7732266, AT2_WTDAtest7732270, Secretory_WTDAtest7732270, B cell lineage_WTDAtest7732270, Basal_WTDAtest7732265, Macrophages_WTDAtest7732266, Secretory_WTDAtest7732265, Monocytes_WTDAtest7887999, EC capillary_WTDAtest7888001, Innate lymphoid cell NK_WTDAtest7888002, Innate lymphoid cell NK_WTDAtest7732266, Monocytes_HCATisStab7732264, Mast cells_WTDAtest7888002, Secretory_HCATisStab7732261, AT1_WTDAtest7888000, Dendritic cells_WTDAtest7732268, Lymphatic EC mature_WTDAtest7732267, Secretory_WTDAtest7888001, EC venous_WTDAtest7732265, Lymphatic EC mature_HCATisStab7732261, Fibroblasts_WTDAtest7888001, SM activated stress response_WTDAtest7732270, Unknown_WTDAtest7887999, AT2_HCATisStab7732262, B cell lineage_WTDAtest7732267, EC arterial_WTDAtest7732266, Macrophages_WTDAtest7887999, Macrophages_WTDAtest7732267, Lymphatic EC mature_HCATisStab7732263, SM activated stress response_WTDAtest7732267, Lymphatic EC mature_WTDAtest7888001, Lymphatic EC differentiating_WTDAtest7732269, Basal_HCATisStab7732264, Myofibroblasts_HCATisStab7732261, EC arterial_WTDAtest7732269, EC capillary_WTDAtest7732268, Basal_WTDAtest7732268, Dendritic cells_HCATisStab7732263, Myofibroblasts_HCATisStab7732263, Dendritic cells_HCATisStab7732264, AT1_HCATisStab7732264, Unknown_WTDAtest7888002, Secretory_HCATisStab7732263, Fibroblasts_HCATisStab7732261, Lymphatic EC differentiating_WTDAtest7732270, AT2_WTDAtest7888001, Lymphatic EC differentiating_WTDAtest7732268, T cell lineage_WTDAtest7887999, Submucosal Secretory_WTDAtest7732267, Unknown_WTDAtest7888001, Rare_HCATisStab7732264, EC venous_HCATisStab7732261, Multiciliated lineage_WTDAtest7888000, AT2_HCATisStab7732263, Dendritic cells_HCATisStab7732261, Smooth muscle FAM83D+_WTDAtest7732268, EC venous_WTDAtest7732269, Smooth muscle FAM83D+_HCATisStab7732264, Unknown_WTDAtest7888000, Dendritic cells_WTDAtest7732270, AT1_WTDAtest7888001, EC capillary_HCATisStab7732262, Secretory_WTDAtest7888002, Multiciliated lineage_HCATisStab7732262, Myofibroblasts_WTDAtest7732267, Basal_WTDAtest7888001, Dendritic cells_WTDAtest7732266, Monocytes_WTDAtest7732266, Mast cells_HCATisStab7732261, Smooth muscle FAM83D+_WTDAtest7732269, Secretory_WTDAtest7888000, Multiciliated lineage_WTDAtest7732268, EC venous_WTDAtest7732266, Myofibroblasts_HCATisStab7732262, B cell lineage_WTDAtest7888001, EC capillary_HCATisStab7732261, EC capillary_HCATisStab7732263, Dendritic cells_WTDAtest7888001, Fibroblasts_WTDAtest7888002, Mast cells_WTDAtest7732267, Mast cells_WTDAtest7732268, Smooth muscle FAM83D+_WTDAtest7732267, Lymphatic EC mature_WTDAtest7888002, EC arterial_WTDAtest7888000, EC arterial_HCATisStab7732263, EC venous_HCATisStab7732262, Smooth muscle FAM83D+_WTDAtest7732265, NA_WTDAtest7887999, EC venous_WTDAtest7888000, Innate lymphoid cell NK_WTDAtest7888000, Dendritic cells_WTDAtest7732267, Mast cells_WTDAtest7732270, EC capillary_WTDAtest7888002, Innate lymphoid cell NK_WTDAtest7888001, Lymphatic EC mature_WTDAtest7887999, EC arterial_HCATisStab7732262, EC capillary_WTDAtest7887999, EC capillary_WTDAtest7888000, Fibroblasts_WTDAtest7887999, Lymphatic EC differentiating_WTDAtest7732266, NA_HCATisStab7732263, Myofibroblasts_WTDAtest7732268, Basal_WTDAtest7888002, Lymphatic EC differentiating_HCATisStab7732263, Innate lymphoid cell NK_WTDAtest7732269, Macrophages_WTDAtest7888001, EC arterial_WTDAtest7888002, Dendritic cells_WTDAtest7888002, Dendritic cells_WTDAtest7887999, EC arterial_WTDAtest7888001, NA_HCATisStab7732261, Lymphatic EC differentiating_HCATisStab7732264, Monocytes_WTDAtest7732270, B cell lineage_WTDAtest7888002, Lymphatic EC differentiating_WTDAtest7888000, Secretory_WTDAtest7887999, NA_WTDAtest7888000, SM activated stress response_HCATisStab7732264, Macrophages_WTDAtest7888000, Submucosal Secretory_WTDAtest7732266"
size	float64	"1.0, 29.0, 30.0, 33.0, 34.0, 28.0, 27.0, 31.0, 26.0, 35.0"
is_primary_data	category	nan
datasets	category	"Lafyatis_Rojas_2019_10Xv1, Meyer_2021_3prime, Schultze_unpubl, Duong_lungMAP_unpubl, Seibold_2020_10Xv3, Lafyatis_2019, Teichmann_Meyer_2019, Sun_2020_batch4, Seibold_2020_10Xv2, Sun_2020_batch2, Lambrechts_2021, Sun_2020_batch3, Schiller_2021, Budinger_2020, Wunderink_2021_cryo, Banovich_Kropski_2020, Gomperts_2021_CSMC, Zhang_2021, Regev_2021_Cryo, Misharin_Budinger_2018, Janssen_2020, Kaminski_2020, Misharin_2021, Jain_Misharin_2021_10Xv2, Thienpont_2018_10Xv1, Eils_2020, Sims_2019, Sun_2020_batch1, Regev_2021_Fresh, Krasnow_2020, Nawijn_2021, Thienpont_2018_10Xv2, Lafyatis_Rojas_2019_10Xv2, Xu_2020_LAM1_3, Barbry_Leroy_2020, MeyerNikolic_unpubl_UCL, Meyer_2019, Jain_Misharin_2021_10Xv1, Peer_Massague_2020, Wunderink_2021_fresh, Schiller_2020, Sheppard_2020, Gomperts_2021_CFF, Meyer_2021_5prime, Regev_2021_Nuclei, Gomperts2021_UCLA, Shalek_2018, Tata_unpubl"
transf_ann_level_1_label	category	"nan, Stroma, Immune, Endothelial, Epithelial"
transf_ann_level_2_label	category	"nan, Fibroblast lineage, Myeloid, Lymphoid, Lymphatic EC, Airway epithelium, Blood vessels, Smooth muscle, Alveolar epithelium, Submucosal Gland, Mesothelium"
transf_ann_level_3_label	category	"nan, Fibroblasts, Macrophages, T cell lineage, Lymphatic EC mature, Basal, EC capillary, 2_Smooth muscle, EC arterial, Multiciliated lineage, Myofibroblasts, Innate lymphoid cell NK, AT2, AT1, Mast cells, Secretory, B cell lineage, Monocytes, EC venous, Lymphatic EC differentiating, Smooth muscle FAM83D+, Dendritic cells, SM activated stress response, Submucosal Secretory, Rare, 2_Mesothelium, 2_Hematopoietic stem cells"
transf_ann_level_4_label	category	"nan, Alveolar fibroblasts, Interstitial macrophages, Alveolar macrophages, CD8 T cells, CD4 T cells, Pericytes, Adventitial fibroblasts, 3_Lymphatic EC mature, Suprabasal, EC aerocyte capillary, EC general capillary, 2_Smooth muscle, 3_EC arterial, Multiciliated, 3_Myofibroblasts, NK cells, 3_AT2, 3_AT1, 3_Mast cells, Plasma cells, Club, Transitional Club-AT2, B cells, Classical monocytes, Basal resting, EC venous pulmonary, EC venous systemic, 3_Lymphatic EC differentiating, 3_Smooth muscle FAM83D+, AT2 proliferating, DC2, Non-classical monocytes, 3_SM activated stress response, DC1, SMG serous, Ionocyte, Goblet, SMG mucous, SMG duct, Neuroendocrine, Peribronchial fibroblasts, Deuterosomal, Migratory DCs, Hillock-like, Tuft, T cells proliferating, Plasmacytoid DCs, Subpleural fibroblasts, 2_Mesothelium, 2_Hematopoietic stem cells"
transf_ann_level_5_label	category	"nan, 4_Alveolar fibroblasts, Monocyte-derived Mph, 4_Alveolar macrophages, 4_CD8 T cells, 4_CD4 T cells, 4_Pericytes, 4_Adventitial fibroblasts, 3_Lymphatic EC mature, 4_Suprabasal, 4_EC aerocyte capillary, 4_EC general capillary, 2_Smooth muscle, 3_EC arterial, 4_Classical monocytes, Interstitial Mph perivascular, Multiciliated (non-nasal), 3_Myofibroblasts, 4_NK cells, 3_AT2, 3_AT1, 3_Mast cells, 4_Plasma cells, Club (non-nasal), pre-TB secretory, 4_B cells, 4_Basal resting, 4_EC venous pulmonary, 4_EC venous systemic, 3_Lymphatic EC differentiating, 3_Smooth muscle FAM83D+, 4_AT2 proliferating, 4_DC2, 4_Non-classical monocytes, 3_SM activated stress response, 4_DC1, SMG serous (bronchial), 4_Ionocyte, Goblet (bronchial), Goblet (nasal), AT0, 4_SMG mucous, 4_SMG duct, 4_Neuroendocrine, 4_Peribronchial fibroblasts, Alveolar Mph proliferating, Club (nasal), Alveolar Mph CCL3+, 4_Deuterosomal, Goblet (subsegmental), 4_Migratory DCs, 4_Hillock-like, 4_Tuft, 4_T cells proliferating, 4_Plasmacytoid DCs, 4_Subpleural fibroblasts, 2_Mesothelium, Alveolar Mph MT-positive, 2_Hematopoietic stem cells, SMG serous (nasal), Multiciliated (nasal)"